CST,Max TemperatureC,Mean TemperatureC,Min TemperatureC,Dew PointC,MeanDew PointC,Min DewpointC,Max Humidity, Mean Humidity, Min Humidity, Max Sea Level PressurehPa, Mean Sea Level PressurehPa, Min Sea Level PressurehPa, Max VisibilityKm, Mean VisibilityKm, Min VisibilitykM, Max Wind SpeedKm/h, Mean Wind SpeedKm/h, Max Gust SpeedKm/h,Precipitationmm, CloudCover, Events,WindDirDegrees
2015-1-1,-4,-11,-17,-9,-14,-19,83,73,60,1019,1009,1004,16,12,2,35,14,52,0.00,6,Snow,271
2015-1-2,-8,-14,-21,-15,-18,-24,83,64,50,1026,1023,1020,16,16,16,16,5,,0.00,6,,180
2015-1-3,-3,-7,-10,-4,-8,-16,93,84,61,1022,1014,1009,16,6,1,14,5,,0.25,8,Snow,162
2015-1-4,-3,-13,-24,-6,-18,-29,89,70,57,1028,1016,1010,16,6,1,47,31,60,0.25,3,Snow,322
2015-1-5,-17,-22,-27,-24,-28,-31,68,62,52,1032,1029,1026,16,16,16,19,13,29,0.00,0,,264
2015-1-6,-13,-19,-25,-19,-22,-27,82,67,55,1026,1021,1017,16,10,1,39,14,52,0.00,5,Snow,308
2015-1-7,-17,-20,-22,-22,-25,-27,76,63,52,1037,1031,1022,16,11,1,42,27,55,0.00,4,Snow,311
2015-1-8,-14,-18,-21,-18,-22,-26,80,69,52,1028,1010,1001,16,9,1,26,13,,1.02,5,Snow,230
2015-1-9,-14,-17,-20,-18,-23,-26,73,62,49,1022,1016,1006,16,13,0,32,23,50,0.25,3,Snow,285
2015-1-10,-10,-17,-23,-17,-22,-27,75,61,35,1023,1021,1018,16,16,13,19,10,,0.00,3,,230
2015-1-11,-9,-13,-17,-13,-16,-19,87,75,47,1027,1023,1019,16,13,3,14,3,,0.00,6,Snow,297
2015-1-12,-13,-19,-27,-18,-22,-30,87,75,55,1045,1034,1024,16,16,11,26,10,39,0.00,3,Snow,323
2015-1-13,-9,-21,-32,-16,-24,-34,95,76,56,1044,1039,1028,16,16,11,23,6,,0.00,0,,192
2015-1-14,-8,-12,-17,-10,-13,-19,84,77,71,1027,1022,1015,16,14,6,16,8,,0.00,8,Snow,234
2015-1-15,1,-3,-8,-5,-8,-13,85,71,54,1015,1011,1005,16,14,8,32,14,60,0.00,7,Snow,266
2015-1-16,-8,-11,-15,-12,-16,-19,76,62,45,1024,1020,1015,16,15,10,23,13,,0.00,5,Snow,80
2015-1-17,2,-3,-9,-2,-4,-13,100,85,69,1014,1000,994,16,8,0,26,13,42,0.00,8,Fog,185
2015-1-18,1,-3,-7,-2,-6,-11,92,77,69,1017,1008,999,16,13,1,29,19,45,0.25,8,Fog-Snow,337
2015-1-19,-6,-9,-12,-11,-11,-14,88,75,66,1019,1017,1015,16,16,14,13,8,,0.00,8,,31
2015-1-20,-5,-7,-8,-8,-9,-11,88,81,74,1019,1017,1013,16,16,11,6,2,,0.00,8,,23
2015-1-21,-2,-4,-7,-6,-8,-9,85,79,66,1024,1020,1016,16,16,16,16,5,,0.00,8,,333
2015-1-22,0,-3,-6,-7,-9,-11,78,67,45,1029,1025,1019,16,16,14,26,13,32,0.00,4,,245
2015-1-23,1,-1,-4,-3,-4,-8,85,75,69,1019,1009,1004,16,13,3,23,14,37,0.51,8,Rain-Snow,251
2015-1-24,3,-2,-8,-1,-4,-13,89,75,59,1010,1003,1000,16,16,5,27,11,34,0.00,8,Snow,316
2015-1-25,-7,-12,-19,-12,-15,-21,88,71,55,1021,1017,1011,16,14,6,21,6,,0.00,5,Snow,18
2015-1-26,-6,-12,-19,-7,-11,-22,93,83,74,1017,1012,1008,16,8,1,24,8,32,0.00,7,Snow,135
2015-1-27,-4,-7,-10,-8,-9,-12,92,84,71,1025,1022,1015,16,15,8,10,5,,0.00,8,Snow,144
2015-1-28,-2,-4,-6,-5,-7,-9,82,78,67,1024,1019,1011,16,16,14,24,13,34,0.00,7,,159
2015-1-29,-1,-6,-10,-3,-7,-17,96,81,56,1029,1014,1007,16,8,1,50,13,63,0.00,8,Snow,323
2015-1-30,-7,-10,-13,-13,-16,-18,71,61,47,1034,1030,1025,16,16,16,24,14,,0.00,7,,272
2015-1-31,-4,-9,-14,-8,-13,-19,78,69,62,1028,1023,1019,16,16,13,23,11,32,0.00,7,Snow,325
2015-2-1,-12,-13,-15,-17,-18,-20,76,68,61,1029,1025,1019,16,16,11,24,13,39,0.00,7,,9
2015-2-2,-8,-14,-21,-19,-21,-24,80,59,33,1022,1019,1017,16,16,16,21,13,,0.00,3,,288
2015-2-3,-6,-12,-18,-13,-18,-22,77,58,40,1019,1017,1015,16,16,6,14,10,,0.00,4,Snow,280
2015-2-4,-11,-14,-18,-14,-19,-26,87,66,43,1027,1021,1015,16,13,5,35,13,50,0.00,4,Snow,297
2015-2-5,-8,-17,-25,-17,-23,-28,82,57,34,1029,1023,1015,16,16,16,26,8,39,0.00,3,,234
2015-2-6,-5,-9,-12,-11,-13,-16,73,67,55,1019,1017,1015,16,16,14,13,8,,0.00,4,,253
2015-2-7,-5,-7,-8,-6,-8,-11,96,85,74,1014,1009,1005,16,10,1,16,10,,0.00,8,Fog-Rain,86
2015-2-8,-7,-10,-12,-9,-11,-14,88,81,74,1023,1014,1006,16,8,2,19,11,,0.00,8,Snow,19
2015-2-9,-4,-11,-17,-11,-14,-19,100,78,62,1027,1024,1020,16,15,8,16,5,,0.00,4,,346
2015-2-10,-4,-7,-9,-7,-8,-12,89,82,71,1027,1019,1012,16,12,2,21,8,,0.00,8,Snow,150
2015-2-11,-3,-9,-16,-7,-11,-21,92,76,60,1024,1013,1009,16,7,1,45,16,60,0.25,7,Snow,300
2015-2-12,-13,-18,-23,-21,-23,-26,82,63,48,1033,1030,1024,16,16,14,37,23,47,0.00,1,,333
2015-2-13,-9,-17,-24,-13,-17,-28,83,72,61,1027,1013,1007,16,9,3,27,10,40,0.00,8,Snow,273
2015-2-14,-13,-18,-22,-17,-23,-27,77,63,52,1035,1019,1008,16,7,1,48,31,72,0.00,6,Snow,337
2015-2-15,-13,-19,-24,-21,-24,-28,75,62,46,1038,1035,1030,16,16,16,19,11,,0.00,2,,256
2015-2-16,-9,-13,-17,-16,-19,-22,80,65,47,1029,1020,1012,16,16,10,14,8,29,0.00,8,,213
2015-2-17,-12,-16,-19,-17,-20,-22,80,70,50,1012,1011,1007,16,14,4,26,11,,0.00,5,Snow,311
2015-2-18,-18,-22,-28,-21,-26,-31,79,62,47,1024,1016,1010,16,14,2,34,19,48,0.00,5,Snow,322
2015-2-19,-17,-24,-31,-26,-29,-34,91,67,47,1028,1026,1022,16,12,0,24,8,35,0.00,2,Fog,328
2015-2-20,-12,-21,-30,-14,-21,-34,86,74,52,1026,1015,1009,16,9,1,27,8,35,0.00,6,Snow,179
2015-2-21,-7,-12,-18,-13,-15,-21,84,71,57,1023,1015,1009,16,14,8,23,8,27,0.00,6,,330
2015-2-22,-18,-21,-24,-22,-26,-30,83,62,47,1038,1031,1023,16,15,2,32,11,45,0.00,1,Snow,317
2015-2-23,-11,-19,-28,-21,-27,-32,74,51,33,1038,1029,1012,16,16,16,24,8,37,0.00,1,,235
2015-2-24,-3,-10,-18,-8,-14,-24,77,66,48,1011,1001,995,16,8,1,45,24,61,0.00,7,Snow,284
2015-2-25,-11,-18,-24,-21,-24,-28,82,62,44,1024,1018,1011,16,16,16,21,8,,0.00,0,,332
2015-2-26,-12,-21,-29,-22,-26,-33,76,62,42,1030,1028,1025,16,16,13,23,6,,0.00,0,,336
2015-2-27,-6,-16,-26,-18,-23,-29,75,53,37,1034,1032,1030,16,16,16,16,6,,0.00,0,,271
2015-2-28,-4,-12,-21,-17,-20,-24,80,57,30,1037,1033,1028,16,16,16,21,6,34,0.00,1,,195
2015-3-1,-3,-10,-16,-11,-16,-20,73,61,55,1028,1023,1020,16,16,16,23,10,35,0.00,4,,229
2015-3-2,-2,-8,-13,-13,-15,-17,80,58,33,1031,1026,1021,16,16,14,24,13,35,0.00,2,,268
2015-3-3,-3,-6,-8,-6,-9,-14,88,78,60,1020,1006,998,16,8,0,34,10,42,0.76,8,Fog-Snow,203
2015-3-4,-9,-16,-22,-16,-22,-27,66,56,42,1028,1018,1009,16,16,16,32,19,48,0.00,2,,291
2015-3-5,-9,-18,-28,-21,-24,-31,82,55,31,1032,1030,1028,16,16,16,23,6,,0.00,0,,265
2015-3-6,0,-9,-19,-12,-17,-23,75,54,41,1027,1019,1014,16,16,16,23,11,34,0.00,1,,222
2015-3-7,1,-7,-14,-6,-9,-16,87,70,56,1019,1014,1010,16,16,13,32,10,48,0.00,7,Rain,304
2015-3-8,4,-4,-13,-3,-9,-15,92,72,53,1019,1016,1014,16,15,4,24,6,45,0.00,4,,271
2015-3-9,10,2,-6,-2,-4,-9,81,58,39,1018,1015,1012,16,16,16,29,10,45,0.00,4,,221
2015-3-10,15,8,2,-1,-2,-7,72,51,33,1016,1010,1006,16,16,16,32,14,50,0.00,0,,248
2015-3-11,9,3,-3,-2,-6,-11,81,53,24,1031,1025,1017,16,16,16,39,11,47,0.00,2,,320
2015-3-12,9,3,-1,-2,-7,-11,68,50,33,1033,1029,1024,16,16,16,23,11,37,0.00,2,,149
2015-3-13,15,9,2,4,1,-2,76,67,49,1023,1017,1012,16,14,11,27,13,42,0.00,3,,180
2015-3-14,4,1,-3,1,-2,-4,89,72,65,1021,1017,1014,16,16,16,35,24,50,0.00,7,,315
2015-3-15,13,3,-6,2,-2,-7,92,72,43,1022,1016,1010,16,16,13,29,6,40,0.00,0,,160
2015-3-16,11,7,1,5,2,-3,93,78,54,1019,1012,1009,16,13,4,27,10,45,3.05,7,Rain,317
2015-3-17,3,-1,-5,-6,-12,-16,68,44,26,1027,1024,1019,16,16,16,39,27,55,0.00,1,,319
2015-3-18,6,-1,-7,-8,-12,-16,78,47,21,1026,1025,1023,16,16,16,29,8,42,0.00,0,,326
2015-3-19,4,-2,-8,-6,-8,-11,88,61,45,1027,1023,1017,16,16,16,19,6,,0.00,3,,160
2015-3-20,11,6,1,3,-3,-7,93,61,39,1017,1013,1011,16,15,6,24,11,34,0.00,6,Rain,237
2015-3-21,2,-2,-8,2,-9,-16,89,61,37,1027,1020,1012,16,16,13,32,21,39,0.00,4,Rain,328
2015-3-22,2,-4,-11,-12,-14,-16,77,51,28,1029,1028,1026,16,16,16,23,5,,0.00,0,,13
2015-3-23,2,-3,-8,-11,-12,-13,74,54,37,1029,1028,1026,16,16,16,16,5,,0.00,0,,135
2015-3-24,8,-2,-11,-8,-11,-13,84,55,23,1027,1024,1018,16,16,16,23,6,32,0.00,0,,152
2015-3-25,3,0,-3,-1,-3,-8,93,81,67,1017,1008,1004,16,10,0,29,10,40,4.57,8,Fog-Rain-Snow,238
2015-3-26,1,-6,-13,-4,-9,-17,73,65,57,1022,1015,1010,16,16,13,35,21,50,0.00,7,Snow,321
2015-3-27,-2,-9,-15,-16,-17,-19,80,53,29,1025,1024,1022,16,16,16,24,10,,0.00,0,,4
2015-3-28,5,-7,-17,-11,-15,-21,79,50,27,1027,1024,1019,16,16,16,21,5,32,0.00,0,,185
2015-3-29,3,0,-2,0,-4,-11,92,77,51,1018,1004,997,16,10,2,39,21,63,0.76,6,Rain-Snow,202
2015-3-30,11,6,1,-3,-5,-8,72,52,27,1013,1011,1008,16,16,16,32,19,45,0.00,3,,309
2015-3-31,12,2,-6,1,-3,-7,100,75,41,1015,1012,1009,16,15,2,34,5,47,0.00,4,Rain,312
2015-4-1,12,4,-4,1,-2,-5,96,75,41,1017,1013,1004,16,15,2,29,5,39,0.00,5,Rain,135
2015-4-2,18,11,4,9,-1,-13,79,46,12,1006,1002,999,16,16,16,34,16,52,0.00,3,Rain,279
2015-4-3,8,0,-7,-3,-8,-16,82,56,32,1021,1015,1007,16,15,6,34,23,52,0.00,4,Snow,325
2015-4-4,6,-1,-8,-7,-11,-13,71,52,27,1021,1020,1019,16,16,16,26,6,35,0.00,4,,319
2015-4-5,7,-1,-7,-6,-8,-11,89,64,35,1021,1020,1018,16,16,16,14,6,,0.00,2,,81
2015-4-6,4,0,-4,-1,-5,-10,92,80,51,1025,1021,1019,16,8,1,19,10,,3.05,8,Snow,33
2015-4-7,7,3,-1,-8,-11,-14,49,39,24,1028,1026,1023,16,16,16,19,11,,0.00,7,,56
2015-4-8,6,3,1,-3,-6,-10,73,55,41,1023,1019,1017,16,16,13,19,10,29,0.25,8,Rain-Snow,103
2015-4-9,3,1,0,2,0,-3,96,91,73,1017,1007,998,16,9,2,24,11,34,21.34,8,Rain,62
2015-4-10,6,2,-1,-1,-1,-2,96,84,60,1018,1004,996,16,10,0,35,24,45,8.13,7,Fog-Rain-Snow,317
2015-4-11,16,6,-4,-1,-3,-6,92,56,25,1021,1019,1017,16,16,14,16,5,,0.00,0,,208
2015-4-12,23,11,-1,5,2,-2,89,51,27,1017,1013,1009,16,16,16,35,14,53,0.00,0,,170
2015-4-13,16,9,1,7,2,-7,93,61,21,1019,1010,1005,16,14,5,40,16,71,4.06,5,Rain,266
2015-4-14,19,8,-2,-3,-8,-12,78,40,13,1026,1023,1020,16,16,16,27,6,39,0.00,0,,297
2015-4-15,18,7,-4,-3,-8,-12,81,40,14,1029,1027,1025,16,16,16,23,6,34,0.00,0,,149
2015-4-16,21,10,-1,3,-2,-7,80,49,20,1024,1020,1015,16,16,16,16,5,,0.00,0,,138
2015-4-17,24,12,3,5,3,1,89,57,28,1019,1016,1014,16,16,16,21,5,,0.00,2,,114
2015-4-18,17,10,4,2,-2,-8,83,51,21,1024,1021,1016,16,16,16,21,13,32,0.00,1,,50
2015-4-19,14,8,4,-1,-2,-3,62,51,35,1020,1010,998,16,16,16,26,13,45,0.25,2,,122
2015-4-20,6,4,2,4,2,-2,93,83,60,997,990,987,16,14,5,35,14,48,8.64,8,Rain-Snow,310
2015-4-21,7,2,-2,-1,-2,-7,85,74,49,1001,995,992,16,12,1,35,18,48,0.00,7,Rain-Snow,286
2015-4-22,-1,-2,-3,-5,-7,-8,86,75,61,1012,1004,999,16,9,0,26,19,40,0.00,8,Fog-Snow,310
2015-4-23,8,2,-6,-7,-8,-13,78,56,24,1018,1014,1010,16,16,16,34,16,47,0.00,4,,315
2015-4-24,12,2,-7,-3,-7,-11,85,54,24,1020,1017,1015,16,16,16,21,5,32,0.00,4,,125
2015-4-25,13,7,-1,-4,-7,-11,67,43,20,1016,1015,1012,16,16,16,16,8,32,0.00,3,,47
2015-4-26,14,6,-3,-3,-5,-8,75,47,27,1020,1019,1017,16,16,16,29,10,40,0.00,0,,356
2015-4-27,18,9,1,0,-2,-3,75,50,26,1022,1021,1020,16,16,16,27,14,42,0.00,0,,352
2015-4-28,21,9,-2,2,-2,-4,89,53,21,1022,1019,1015,16,16,16,14,5,27,0.00,0,,352
2015-4-29,15,10,4,2,-1,-3,73,50,28,1016,1015,1014,16,16,16,32,14,45,0.00,2,,346
2015-4-30,17,9,2,3,1,-1,82,63,39,1020,1017,1015,16,16,16,24,14,37,0.00,4,,357
2015-5-1,22,10,-2,3,0,-2,100,62,22,1021,1019,1016,16,12,1,19,2,27,0.00,1,Fog,272
2015-5-2,26,14,4,7,4,1,82,48,25,1016,1013,1009,16,16,16,16,6,39,0.00,3,,220
2015-5-3,28,19,12,13,9,4,93,57,30,1012,1009,1006,16,15,3,29,13,40,9.65,3,Rain,206
2015-5-4,21,14,7,12,3,-6,93,51,18,1025,1019,1011,16,16,16,29,13,39,0.00,1,,335
2015-5-5,21,11,1,4,-1,-3,92,50,22,1027,1026,1024,16,16,16,23,6,34,0.00,0,,139
2015-5-6,21,12,3,11,5,-1,83,61,33,1025,1022,1019,16,16,16,23,6,29,0.00,3,Rain,140
2015-5-7,29,18,9,12,9,5,83,55,31,1018,1013,1008,16,16,16,40,14,58,0.00,2,,165
2015-5-8,24,17,10,14,12,5,81,66,53,1018,1011,1007,16,16,16,26,14,37,0.00,5,Rain,247
2015-5-9,16,11,3,5,3,-1,79,66,47,1024,1021,1017,16,16,16,21,13,,0.00,6,,21
2015-5-10,14,8,1,4,3,-1,86,68,53,1024,1021,1016,16,16,16,21,11,34,0.00,7,,32
2015-5-11,13,10,7,11,7,6,97,90,71,1017,1008,1003,16,10,2,21,13,35,2.29,8,Rain,141
2015-5-12,10,6,3,7,2,-2,93,75,50,1027,1014,1004,16,15,3,32,19,48,0.00,8,Rain,308
2015-5-13,16,8,-1,-1,-2,-4,92,54,26,1033,1030,1028,16,16,16,19,8,,0.00,0,,251
2015-5-14,17,9,1,4,1,-2,86,56,40,1029,1025,1019,16,16,16,23,8,29,0.00,2,,142
2015-5-15,16,12,7,11,8,4,97,85,67,1018,1015,1013,16,12,3,14,10,,0.00,8,Rain,126
2015-5-16,22,16,11,13,11,9,97,80,58,1018,1017,1016,16,14,6,19,5,29,0.00,6,,133
2015-5-17,20,14,11,17,14,9,100,91,81,1017,1011,1006,16,8,0,29,10,42,3.05,7,Fog-Rain,144
2015-5-18,18,12,4,16,7,0,87,66,46,1018,1011,1006,16,16,16,29,18,42,0.00,5,,250
2015-5-19,9,4,-1,-1,-3,-5,87,65,40,1026,1022,1018,16,15,2,34,23,52,0.00,5,Snow,323
2015-5-20,18,8,-3,-1,-4,-6,85,45,20,1025,1021,1016,16,16,16,21,5,,0.00,0,,284
2015-5-21,21,13,3,2,-1,-4,62,41,25,1019,1014,1012,16,16,16,37,13,47,0.00,2,,320
2015-5-22,21,9,-2,1,-4,-9,79,45,14,1025,1023,1019,16,16,16,21,5,37,0.00,0,,28
2015-5-23,27,13,1,6,1,-2,85,43,16,1025,1023,1021,16,16,16,21,5,32,0.00,0,,234
2015-5-24,26,19,13,14,10,6,100,68,31,1022,1018,1014,16,13,6,26,8,,1.27,5,Rain,157
2015-5-25,22,17,13,17,14,12,97,89,68,1014,1008,1005,16,10,1,24,10,35,30.23,7,Rain,157
2015-5-26,23,18,13,18,15,12,100,91,71,1011,1007,1003,16,7,0,19,6,39,24.13,6,Fog-Rain,89
2015-5-27,26,18,12,16,13,11,96,83,52,1017,1008,1003,16,13,5,32,13,42,1.52,5,Rain,307
2015-5-28,27,18,9,18,12,8,100,84,54,1021,1019,1017,16,11,0,21,6,34,2.79,2,Fog-Rain,126
2015-5-29,26,20,13,17,14,11,93,79,50,1017,1013,1010,16,15,8,29,11,39,0.51,5,Rain,171
2015-5-30,14,8,3,11,4,-4,93,68,33,1028,1021,1014,16,15,10,29,19,39,0.51,4,Rain,357
2015-5-31,17,9,2,2,-1,-4,78,54,35,1029,1027,1025,16,16,16,21,13,,0.00,0,,23
2015-6-1,20,10,1,2,0,-3,89,52,28,1028,1026,1024,16,16,16,16,8,27,0.00,0,,128
2015-6-2,23,12,1,7,2,-1,92,52,22,1023,1020,1017,16,16,16,26,8,37,0.00,0,,170
2015-6-3,25,17,8,11,7,2,71,55,37,1017,1015,1014,16,16,16,26,11,42,0.00,0,,157
2015-6-4,21,16,12,16,12,8,97,85,67,1019,1014,1013,16,11,2,14,6,,1.78,6,Rain,46
2015-6-5,21,13,6,12,8,1,90,68,34,1025,1022,1018,16,16,16,24,14,39,0.00,4,,2
2015-6-6,22,12,2,9,6,1,93,66,42,1025,1021,1012,16,16,16,23,8,32,0.00,0,,146
2015-6-7,24,17,11,18,13,8,97,85,57,1011,1004,1001,16,12,2,26,11,42,15.24,6,Rain,182
2015-6-8,22,16,9,16,12,8,96,83,55,1007,1004,1003,16,14,0,26,3,,0.51,3,Fog-Rain,323
2015-6-9,26,17,9,16,11,8,97,78,40,1007,1006,1001,16,9,0,16,2,,0.51,0,Fog-Rain,208
2015-6-10,22,17,10,16,12,8,97,73,46,1011,1004,999,16,12,1,35,13,50,5.59,2,Fog-Rain,318
2015-6-11,18,12,7,13,9,6,97,89,67,1015,1014,1011,16,10,1,24,3,,0.00,2,Rain,221
2015-6-12,26,17,9,12,10,8,100,78,36,1016,1014,1012,16,14,1,14,5,,0.00,3,,25
2015-6-13,18,13,8,14,12,7,100,89,67,1017,1015,1013,16,9,0,16,5,26,1.52,5,Fog-Rain,132
2015-6-14,26,20,14,17,16,14,100,84,54,1013,1012,1010,16,13,3,11,3,,0.00,7,Rain,194
2015-6-15,23,17,10,17,13,9,97,90,66,1017,1013,1012,16,8,0,23,2,,7.11,3,Fog-Rain,326
2015-6-16,21,14,8,9,7,6,93,62,38,1022,1021,1018,16,16,16,21,8,35,0.00,1,,355
2015-6-17,24,18,13,12,11,9,83,60,47,1020,1015,1012,16,16,16,19,10,,0.00,4,,154
2015-6-18,24,16,7,14,11,3,87,66,39,1021,1015,1011,16,16,16,29,10,39,0.00,4,,341
2015-6-19,22,12,3,8,5,2,93,61,35,1023,1020,1015,16,16,13,16,6,,0.00,0,,148
2015-6-20,18,13,9,14,12,6,97,84,60,1015,1010,1008,16,12,0,13,6,,0.76,4,Fog-Rain,152
2015-6-21,24,17,11,14,12,10,100,87,46,1014,1010,1008,16,8,0,16,3,,0.00,5,Fog,304
2015-6-22,26,19,12,18,14,12,100,90,62,1014,1008,1001,16,8,0,34,5,50,6.35,4,Fog-Rain,161
2015-6-23,25,19,13,12,9,6,83,58,31,1017,1014,1007,16,16,16,32,19,50,0.00,2,,311
2015-6-24,28,20,12,14,13,9,96,73,36,1019,1018,1017,16,16,11,21,5,37,1.02,4,Rain,298
2015-6-25,22,18,14,16,14,13,100,85,61,1018,1017,1016,16,13,1,13,3,,0.25,7,Rain,3
2015-6-26,26,17,11,14,11,9,100,81,44,1021,1019,1018,16,10,1,16,5,,0.00,1,Fog,339
2015-6-27,27,18,9,12,9,6,97,66,28,1019,1017,1013,16,13,1,11,3,,0.00,0,Fog,261
2015-6-28,27,21,13,14,11,8,93,58,31,1013,1010,1009,16,16,16,24,6,35,0.00,4,,220
2015-6-29,26,18,11,17,14,10,97,85,50,1010,1008,1007,16,10,1,29,5,40,3.05,5,Rain,248
2015-6-30,16,12,9,15,11,6,93,80,62,1014,1011,1008,16,16,13,27,14,37,0.51,7,Rain,330
2015-7-1,22,13,6,7,6,4,89,63,36,1018,1016,1014,16,16,16,26,11,35,0.00,0,,358
2015-7-2,24,14,6,11,8,4,93,67,39,1019,1017,1015,16,15,3,13,3,,0.00,0,,186
2015-7-3,24,18,11,15,12,8,90,68,52,1015,1013,1011,16,16,16,14,6,,0.00,1,,242
2015-7-4,27,20,13,17,14,12,96,75,42,1016,1014,1012,13,9,1,14,3,,0.00,1,Fog,65
2015-7-5,28,21,15,18,16,14,94,73,47,1016,1015,1012,16,10,3,26,8,37,0.00,2,,171
2015-7-6,22,18,14,21,17,13,96,91,81,1012,1010,1008,10,5,0,37,11,55,0.25,6,Fog-Rain,156
2015-7-7,21,14,9,12,9,7,90,71,45,1020,1017,1013,16,15,5,34,16,45,0.00,4,,342
2015-7-8,23,14,6,11,7,4,96,76,42,1021,1019,1015,16,11,1,16,3,,0.00,1,Fog,162
2015-7-9,26,18,10,16,12,8,97,70,42,1016,1015,1014,16,15,3,10,2,,0.00,1,,299
2015-7-10,29,21,12,16,13,11,93,63,37,1018,1017,1016,16,15,6,14,5,,0.00,2,,217
2015-7-11,29,22,15,18,16,13,90,66,39,1019,1018,1016,16,16,13,19,5,,0.00,1,,182
2015-7-12,27,21,16,19,17,14,93,76,58,1016,1014,1010,16,14,6,16,5,,0.00,2,,165
2015-7-13,27,22,19,19,18,17,96,85,58,1008,1003,1000,16,12,2,21,10,,6.86,6,Rain,276
2015-7-14,21,14,8,18,14,6,97,81,44,1015,1005,1000,16,16,14,35,13,47,0.00,6,,347
2015-7-15,24,16,7,12,9,5,93,68,37,1020,1017,1015,16,16,16,21,6,,0.00,0,,154
2015-7-16,24,18,12,17,13,11,93,77,45,1017,1013,1008,16,14,6,23,10,29,0.25,3,Rain,152
2015-7-17,29,22,16,19,17,16,100,84,53,1009,1006,1005,16,11,3,16,10,,1.27,6,Rain,216
2015-7-18,32,23,16,20,17,14,96,76,46,1009,1007,1005,16,13,1,24,5,34,0.00,1,Rain,234
2015-7-19,28,23,18,18,13,12,75,57,39,1009,1008,1007,16,16,16,26,18,42,0.00,1,,260
2015-7-20,28,21,14,17,13,9,81,60,38,1008,1005,1003,16,16,16,34,14,50,0.00,1,,285
2015-7-21,25,18,12,12,9,8,83,60,34,1013,1011,1008,16,16,16,29,11,40,0.00,1,,318
2015-7-22,28,18,9,14,11,7,93,63,35,1015,1014,1012,16,16,16,16,3,,0.00,1,,317
2015-7-23,31,22,13,18,16,11,93,68,41,1015,1014,1013,16,16,16,16,6,,0.76,2,,277
2015-7-24,29,22,16,19,17,14,96,70,53,1014,1012,1009,16,16,13,27,6,35,0.00,3,,207
2015-7-25,31,24,17,19,16,12,93,64,32,1013,1012,1009,16,16,16,19,10,,0.00,1,Rain,312
2015-7-26,32,23,15,18,15,12,93,60,29,1015,1014,1013,16,16,16,16,5,,0.00,0,,257
2015-7-27,33,23,15,17,16,12,90,63,29,1017,1016,1015,16,16,16,16,3,29,0.00,0,,183
2015-7-28,29,21,14,19,16,13,97,80,49,1016,1015,1011,16,10,0,21,3,32,0.00,0,Fog,162
2015-7-29,29,25,21,19,13,9,87,53,34,1011,1009,1008,16,16,14,32,14,53,0.00,4,,242
2015-7-30,29,23,18,15,12,9,81,56,29,1013,1011,1010,16,16,16,27,14,47,0.00,1,,274
2015-7-31,26,21,16,14,12,9,81,60,36,1012,1011,1011,16,16,16,27,16,48,0.76,2,,298
2015-8-1,27,20,14,13,11,8,89,60,30,1012,1010,1008,16,16,16,26,13,37,0.00,1,,290
2015-8-2,24,17,12,18,16,11,93,83,49,1007,1004,1000,16,12,2,23,6,32,11.18,5,Rain-Thunderstorm,275
2015-8-3,23,18,13,14,11,9,93,66,42,1010,1008,1006,16,16,8,26,11,35,0.25,4,Rain,293
2015-8-4,24,18,9,14,12,8,93,75,38,1018,1013,1011,16,16,13,26,11,40,0.00,5,Rain,311
2015-8-5,24,14,6,12,8,6,100,79,38,1020,1018,1017,16,11,0,13,2,,0.00,1,Fog,309
2015-8-6,26,17,9,13,11,8,97,76,42,1019,1016,1014,16,13,1,16,3,,0.00,2,,151
2015-8-7,19,17,14,17,16,13,97,91,83,1014,1013,1012,16,11,3,16,6,32,1.02,8,Rain,123
2015-8-8,23,19,16,17,16,15,97,87,68,1016,1015,1013,16,13,3,13,5,,0.00,7,Rain,134
2015-8-9,27,20,15,19,17,14,100,88,68,1016,1014,1012,16,9,1,23,6,,10.92,7,Fog-Rain-Thunderstorm,166
2015-8-10,27,22,15,18,16,13,96,73,42,1014,1012,1011,16,16,13,23,8,,0.00,4,Rain,335
2015-8-11,24,18,11,14,12,10,93,73,44,1021,1018,1014,16,16,16,27,13,45,0.00,1,,333
2015-8-12,29,18,9,17,12,7,96,77,46,1022,1020,1014,16,11,0,16,3,27,0.00,1,Fog,268
2015-8-13,30,24,19,21,18,16,90,70,53,1015,1013,1011,16,16,16,16,11,26,0.00,1,,276
2015-8-14,33,27,20,21,19,15,93,69,37,1019,1016,1013,16,15,10,21,6,27,0.00,2,Thunderstorm,325
2015-8-15,31,22,14,19,16,13,100,83,42,1020,1019,1016,16,8,0,11,3,,0.00,0,Fog,338
2015-8-16,33,27,20,21,20,19,93,70,44,1015,1013,1012,16,16,10,24,11,40,0.00,1,,221
2015-8-17,24,21,17,22,17,15,97,88,78,1017,1015,1013,16,14,2,21,6,39,8.38,8,Rain-Thunderstorm,346
2015-8-18,19,17,16,16,15,14,94,86,78,1015,1011,1005,16,14,3,14,6,,0.76,8,Rain,51
2015-8-19,25,20,15,19,16,12,97,84,56,1004,1001,998,16,14,3,42,11,52,0.00,7,Rain,167
2015-8-20,18,14,12,14,12,9,97,85,63,1013,1003,1000,16,13,3,26,11,39,6.35,8,Rain,243
2015-8-21,25,16,7,15,10,6,100,80,44,1017,1015,1013,16,11,0,23,5,34,0.00,1,Fog,166
2015-8-22,27,21,14,16,14,12,90,67,42,1017,1015,1012,16,16,16,35,13,48,0.00,0,,160
2015-8-23,21,17,14,17,13,11,97,79,59,1012,1006,1004,16,14,2,27,18,42,4.57,7,Rain-Thunderstorm,219
2015-8-24,14,12,11,11,7,6,84,72,62,1011,1008,1005,16,16,13,32,19,55,0.00,8,Rain,283
2015-8-25,14,12,11,10,8,7,86,78,72,1018,1014,1011,16,16,16,34,19,40,0.00,8,,312
2015-8-26,23,16,9,11,9,8,93,73,45,1022,1020,1017,16,16,11,21,11,,0.00,5,,320
2015-8-27,23,16,8,14,11,7,100,87,50,1023,1021,1018,16,7,0,19,3,,0.00,4,Fog,164
2015-8-28,24,18,13,17,15,12,97,81,64,1019,1017,1016,16,16,16,21,10,,0.00,4,,189
2015-8-29,25,18,13,17,14,12,93,77,58,1019,1017,1016,16,16,10,16,10,,0.00,3,,186
2015-8-30,27,20,13,18,15,12,97,83,50,1017,1016,1013,16,11,2,21,5,32,0.00,3,,208
2015-8-31,29,21,14,18,16,13,100,86,49,1015,1015,1013,16,9,0,19,3,,0.00,0,Fog,178
2015-9-1,31,23,17,22,19,16,100,82,49,1015,1014,1012,16,10,4,16,6,,0.00,1,,170
2015-9-2,25,21,18,21,19,17,97,90,73,1016,1015,1013,16,8,0,27,5,40,27.94,6,Fog-Rain-Thunderstorm,32
2015-9-3,27,21,17,18,17,14,97,83,58,1016,1014,1013,16,13,4,13,8,,2.03,6,Rain,26
2015-9-4,28,21,14,18,16,13,97,78,56,1018,1017,1017,16,14,10,13,6,,0.00,1,,101
2015-9-5,28,22,16,22,18,16,100,88,67,1019,1018,1015,16,8,0,16,3,,0.00,5,Fog,164
2015-9-6,30,25,20,23,21,19,100,88,61,1016,1014,1011,16,8,1,21,11,,0.00,5,Fog-Rain,164
2015-9-7,28,22,18,20,19,18,97,79,61,1015,1013,1011,16,15,3,27,13,35,8.64,4,Rain,307
2015-9-8,23,19,15,18,17,11,94,84,66,1015,1011,1008,16,14,5,16,8,,1.02,6,Rain,30
2015-9-9,24,17,9,13,9,7,93,64,36,1015,1013,1012,16,16,16,23,6,35,0.00,3,Rain,267
2015-9-10,22,16,8,13,11,6,100,79,44,1016,1013,1012,16,13,0,19,6,,1.52,4,Fog-Rain,303
2015-9-11,16,10,4,8,6,2,93,77,48,1020,1019,1016,16,16,16,19,8,,0.00,4,,338
2015-9-12,18,9,1,8,3,1,100,82,40,1021,1019,1016,16,10,0,21,3,,0.00,3,Fog,337
2015-9-13,22,12,2,9,4,1,97,83,38,1016,1015,1011,16,9,0,16,2,27,0.00,3,Fog,212
2015-9-14,26,17,8,16,12,7,93,74,48,1015,1013,1012,16,16,16,21,10,32,0.00,0,,162
2015-9-15,29,21,14,17,16,13,97,74,47,1019,1017,1015,16,14,6,24,11,34,0.00,0,,164
2015-9-16,28,22,16,18,15,12,87,67,51,1018,1016,1014,16,16,16,27,14,40,0.00,0,,164
2015-9-17,26,21,17,21,18,15,93,85,67,1014,1010,1007,16,14,6,21,11,37,0.00,5,Rain,168
2015-9-18,22,18,14,19,14,10,96,77,51,1012,1010,1006,16,15,8,26,13,,0.00,5,Rain,326
2015-9-19,19,13,7,11,8,3,93,72,36,1019,1014,1010,16,16,14,29,14,40,0.00,4,Rain,320
2015-9-20,23,14,7,9,7,5,93,68,34,1021,1020,1019,16,16,16,19,6,29,0.00,0,,198
2015-9-21,23,16,8,10,8,7,93,67,38,1020,1019,1017,16,16,13,29,11,42,0.00,0,,160
2015-9-22,13,12,10,8,8,8,86,81,74,1018,1017,1017,16,16,16,11,10,,0.00,0,,150
2015-9-23,18,16,14,12,9,7,78,65,50,1028,1027,1026,16,16,16,13,6,,0.00,7,,91
2015-9-24,21,16,11,15,12,7,93,77,62,1028,1027,1026,16,16,13,11,3,,0.00,4,Rain,132
2015-9-25,25,17,11,14,13,10,100,84,50,1028,1027,1026,16,8,0,11,3,,0.00,1,Fog,337
2015-9-26,24,18,12,15,14,11,100,90,52,1029,1027,1021,16,6,0,19,5,,0.00,5,Fog,129
2015-9-27,25,18,11,15,13,10,100,86,50,1021,1018,1013,16,8,0,24,8,35,0.00,1,Fog,154
2015-9-28,22,17,12,17,14,10,97,90,70,1015,1013,1012,16,11,1,19,6,,4.32,4,Fog-Rain,266
2015-9-29,15,8,0,9,3,-2,93,67,37,1026,1022,1016,16,16,16,26,11,32,0.00,1,,348
2015-9-30,16,8,-1,4,1,-2,96,75,38,1031,1028,1026,16,14,0,13,3,,0.00,1,Fog,10
2015-10-1,16,8,1,2,0,-3,93,65,30,1035,1033,1031,16,16,16,19,6,29,0.00,0,,24
2015-10-2,15,8,0,3,0,-3,89,62,31,1037,1035,1033,16,16,16,19,10,26,0.00,0,,48
2015-10-3,11,8,6,3,2,1,71,65,59,1032,1031,1028,16,16,16,16,11,26,0.00,6,,64
2015-10-4,12,9,5,7,4,1,83,73,62,1028,1027,1025,16,16,16,13,5,,0.00,8,,31
2015-10-5,13,10,8,11,8,6,97,90,77,1025,1023,1021,16,9,1,8,3,,0.00,8,Fog-Rain,109
2015-10-6,21,14,9,10,8,7,93,76,47,1021,1019,1016,16,16,16,19,5,,0.00,5,,284
2015-10-7,16,9,3,6,3,2,96,70,41,1024,1022,1019,16,16,14,23,10,,0.00,1,,346
2015-10-8,12,8,4,11,8,3,96,90,85,1021,1013,1009,16,11,2,24,10,35,3.81,7,Rain,271
2015-10-9,15,9,4,8,5,2,93,76,44,1024,1020,1014,16,16,8,26,16,37,0.00,5,Rain,326
2015-10-10,19,10,1,7,3,-1,100,79,34,1023,1016,1005,16,9,0,26,5,39,0.00,0,Fog,202
2015-10-11,29,21,13,13,11,7,78,58,33,1005,1000,996,16,16,16,21,10,26,0.00,0,,209
2015-10-12,22,15,9,13,8,4,86,70,32,995,993,991,16,16,11,32,14,45,0.00,4,Rain,252
2015-10-13,11,7,4,8,5,1,90,77,66,1011,1003,994,16,15,5,35,23,53,0.00,7,Rain,310
2015-10-14,17,9,1,4,1,-1,96,67,35,1013,1011,1010,16,16,16,23,8,39,0.00,3,,273
2015-10-15,15,10,6,6,1,-2,79,62,36,1018,1012,1009,16,15,3,34,14,80,2.03,3,Rain-Thunderstorm,302
2015-10-16,6,1,-4,2,-4,-8,83,65,45,1027,1024,1018,16,16,16,34,19,45,0.00,6,,318
2015-10-17,7,2,-3,-6,-7,-8,75,56,35,1030,1029,1027,16,16,16,27,11,40,0.00,4,,310
2015-10-18,12,3,-4,-1,-5,-8,81,58,30,1032,1028,1021,16,16,16,16,3,,0.00,1,,171
2015-10-19,19,11,3,6,2,-2,82,57,37,1020,1012,1008,16,16,16,23,11,35,0.00,0,,199
2015-10-20,14,8,4,4,2,-2,89,67,55,1022,1018,1012,16,16,11,14,6,,0.00,2,,35
2015-10-21,23,12,2,11,5,-2,97,80,49,1020,1015,1010,16,10,0,32,6,53,3.05,6,Fog-Rain-Thunderstorm,206
2015-10-22,14,8,4,3,2,1,86,69,44,1029,1025,1019,16,16,14,29,14,40,0.00,3,,327
2015-10-23,9,4,-1,8,4,-2,97,88,71,1029,1021,1010,16,13,3,23,10,34,2.54,7,Rain,133
2015-10-24,11,8,4,11,8,2,100,90,74,1017,1007,1002,16,6,0,32,14,47,2.03,7,Fog-Rain,306
2015-10-25,11,4,-2,2,-1,-3,92,71,38,1030,1026,1020,16,16,16,32,6,42,0.00,0,,310
2015-10-26,7,3,-1,6,3,-3,97,92,85,1032,1029,1028,16,10,1,8,2,,0.51,8,Fog-Rain,65
2015-10-27,14,9,6,8,6,4,97,88,57,1029,1026,1015,16,7,0,21,6,37,0.00,6,Fog,111
2015-10-28,11,7,3,9,6,1,97,89,68,1013,993,986,16,9,2,26,16,37,5.59,8,Rain,160
2015-10-29,7,4,1,4,2,0,96,84,65,1014,998,987,16,12,1,35,13,48,0.76,8,Rain-Snow,298
2015-10-30,8,4,1,4,2,0,97,81,65,1018,1015,1012,16,16,6,19,5,37,0.00,8,Rain,180
2015-10-31,8,7,5,7,5,1,96,90,71,1013,1005,997,16,11,3,24,13,37,0.76,8,Rain,171
2015-11-1,12,8,4,6,5,3,89,77,61,1012,1005,996,16,16,16,24,13,35,0.00,7,,253
2015-11-2,17,9,2,9,4,1,100,91,54,1014,1011,1009,16,5,0,11,3,,0.00,3,Fog,22
2015-11-3,20,10,1,10,4,0,100,86,50,1019,1016,1013,16,9,0,16,3,,0.00,1,Fog,140
2015-11-4,13,8,4,12,9,4,100,94,83,1017,1015,1013,10,3,0,21,10,,0.00,6,Fog,157
2015-11-5,18,16,13,14,13,11,96,84,72,1013,1007,998,16,11,3,27,13,47,1.52,7,Rain,189
2015-11-6,14,8,2,12,2,-2,89,70,44,1017,1008,998,16,16,10,35,19,48,0.25,7,Rain,280
2015-11-7,5,0,-4,-1,-4,-7,89,70,43,1026,1022,1017,16,16,13,29,11,48,0.00,3,,286
2015-11-8,14,5,-4,-2,-3,-6,85,57,33,1027,1023,1021,16,16,14,24,8,42,0.00,0,,197
2015-11-9,16,7,-2,1,-1,-4,89,65,38,1022,1021,1020,16,16,13,21,8,,0.00,0,,156
2015-11-10,12,4,-4,1,-3,-6,96,80,43,1020,1017,1013,16,9,1,14,2,,0.00,0,Fog,158
2015-11-11,11,3,-4,7,2,-6,93,84,61,1013,1005,992,11,6,2,21,5,34,16.51,6,Rain-Thunderstorm,113
2015-11-12,9,6,2,8,5,-1,97,90,79,1002,991,986,16,8,1,35,16,50,3.05,8,Fog-Rain-Snow,332
2015-11-13,3,1,0,-1,-2,-5,93,81,66,1020,1009,1001,16,9,0,39,23,55,0.25,8,Fog-Snow,298
2015-11-14,7,1,-4,-2,-4,-6,88,68,45,1022,1019,1016,16,16,16,21,8,,0.00,0,,183
2015-11-15,14,6,-2,4,1,-3,96,79,49,1021,1019,1017,16,10,0,14,5,,0.00,0,Fog,168
2015-11-16,13,6,-2,4,1,-3,100,82,49,1020,1019,1017,16,8,0,23,3,,0.00,7,Fog-Rain,134
2015-11-17,11,9,8,9,7,3,97,90,66,1017,1012,1004,16,7,1,29,19,47,4.32,8,Rain,138
2015-11-18,13,10,7,11,8,3,94,87,71,1003,994,989,16,11,2,48,24,66,1.02,8,Rain,162
2015-11-19,7,2,-2,4,-4,-9,89,73,48,1009,1001,994,16,10,0,37,23,61,0.25,7,Fog-Rain-Snow,237
2015-11-20,1,-1,-4,-6,-10,-12,72,54,40,1024,1018,1009,16,16,11,32,18,45,0.00,3,Snow,273
2015-11-21,-2,-4,-8,-8,-11,-12,82,66,45,1025,1021,1016,16,15,5,23,8,,0.00,4,Snow,316
2015-11-22,-2,-7,-11,-9,-12,-16,81,66,36,1019,1016,1013,16,16,16,19,8,,0.00,3,,208
2015-11-23,2,-3,-7,-2,-6,-10,89,80,67,1021,1013,1010,16,10,2,14,6,,0.00,8,Snow,211
2015-11-24,2,-1,-3,-4,-6,-7,81,67,52,1027,1024,1019,16,16,16,16,10,,0.00,6,,323
2015-11-25,6,2,-1,2,1,-4,96,84,70,1024,1019,1016,16,10,2,23,13,35,0.00,7,Rain,162
2015-11-26,5,1,-2,3,0,-4,93,87,79,1027,1022,1018,16,9,1,27,11,39,5.33,8,Rain-Snow,7
2015-11-27,-2,-8,-14,-4,-9,-16,88,77,66,1035,1032,1026,16,16,14,32,21,42,0.00,6,,339
2015-11-28,2,-7,-14,-9,-12,-16,88,69,40,1033,1030,1027,16,16,16,13,6,,0.00,0,,277
2015-11-29,1,-6,-12,-4,-8,-14,93,80,65,1031,1029,1026,16,14,6,10,3,,0.00,3,,8
2015-11-30,3,-2,-6,0,-3,-7,92,84,73,1028,1023,1015,16,14,8,10,3,,0.00,8,Rain,92
2015-12-1,3,1,0,2,1,-1,100,93,89,1015,1007,1004,16,8,1,16,8,29,5.08,8,Rain-Snow,139
2015-12-2,4,1,-2,-1,-2,-5,92,85,53,1015,1009,1006,16,10,0,14,5,,0.00,6,Fog,322
2015-12-3,5,2,-1,-1,-2,-5,96,76,55,1022,1020,1015,16,16,16,16,10,,0.00,4,,268
2015-12-4,12,3,-6,-2,-4,-7,92,69,35,1031,1028,1023,16,14,8,13,6,,0.00,0,,241
2015-12-5,7,1,-6,1,-3,-8,96,82,58,1032,1030,1028,16,9,0,24,8,32,0.00,2,Fog,155
2015-12-6,8,1,-5,1,-2,-7,100,86,61,1027,1024,1022,16,7,0,13,6,,0.00,3,Fog,313
2015-12-7,2,0,-2,1,-1,-3,100,95,92,1024,1019,1012,5,1,0,16,10,,0.00,8,Fog,165
2015-12-8,3,2,1,2,1,1,100,93,86,1012,1008,1004,6,3,0,16,10,,0.00,8,Fog-Rain,162
2015-12-9,7,4,2,3,2,-1,100,89,73,1004,1002,1001,16,7,0,19,6,29,0.00,6,Fog-Rain,266
2015-12-10,9,6,2,5,3,0,93,85,71,1001,991,986,16,11,3,27,10,40,0.25,7,Rain,167
2015-12-11,4,2,1,1,-1,-2,89,78,67,1014,1004,990,16,16,16,27,16,40,0.00,7,Rain,315
2015-12-12,4,2,1,2,-1,-2,97,83,75,1021,1018,1014,16,13,0,13,6,,0.00,8,Fog,51
2015-12-13,6,4,2,6,4,2,100,95,92,1018,1006,1002,16,4,1,16,10,27,3.81,8,Fog-Rain,37
2015-12-14,4,2,0,3,1,-3,93,89,78,1002,992,985,16,7,1,34,18,45,20.83,8,Rain-Snow,357
2015-12-15,1,0,-1,-2,-3,-5,88,82,72,1016,1013,1003,16,9,2,26,14,39,0.00,8,Snow,50
2015-12-16,6,2,-1,4,1,-2,97,91,79,1012,1001,992,16,7,2,34,16,52,5.08,8,Rain-Snow,149
2015-12-17,1,-2,-4,-2,-8,-11,85,70,58,1007,1004,997,16,14,4,29,18,48,0.00,8,Snow,250
2015-12-18,-4,-7,-9,-11,-14,-17,71,61,50,1016,1009,1006,16,12,1,26,18,40,0.00,7,Snow,276
2015-12-19,-4,-8,-12,-12,-15,-17,70,60,46,1025,1021,1014,16,16,11,27,18,35,0.00,4,,260
2015-12-20,1,-3,-7,-2,-7,-12,82,74,65,1023,1013,1007,16,13,8,14,8,,0.00,3,,154
2015-12-21,1,-1,-3,-2,-4,-6,85,78,69,1013,1009,1006,16,14,8,21,10,,0.00,8,,6
2015-12-22,1,-1,-3,1,-3,-6,96,88,78,1010,1008,1005,16,8,1,19,10,29,0.00,8,Fog,141
2015-12-23,10,6,1,9,4,1,100,96,89,1005,992,976,8,2,0,23,14,34,2.79,8,Fog-Rain,134
2015-12-24,7,2,-3,5,-3,-7,92,81,69,1018,998,976,16,11,2,47,27,64,1.78,8,Rain-Snow,269
2015-12-25,-3,-3,-4,-6,-7,-8,81,76,72,1032,1026,1019,16,15,10,16,10,,0.00,8,,282
2015-12-26,0,-2,-5,-2,-4,-7,88,79,73,1033,1028,1023,16,13,3,19,6,32,0.00,7,,46
2015-12-27,0,-4,-9,-2,-7,-12,89,77,58,1035,1028,1023,16,13,4,23,14,,0.00,7,Snow,339
2015-12-28,-7,-8,-9,-11,-12,-12,84,74,65,1034,1025,1013,16,9,0,27,11,45,2.79,8,Fog-Snow,45
2015-12-29,-3,-6,-8,-7,-8,-11,85,79,71,1021,1015,1009,16,9,0,21,11,32,3.05,8,Fog-Snow,13
2015-12-30,-3,-6,-8,-6,-7,-9,93,84,75,1022,1019,1016,16,9,1,13,5,,0.00,8,Fog-Snow,319
2015-12-31,-4,-7,-9,-6,-10,-13,89,75,65,1021,1018,1014,16,12,3,21,8,29,0.00,8,Snow,252
